year,org,total_employees
2013,"Agriculture, Aquaculture and Fisheries",20
2013,Economic Development,9
2013,Elections New Brunswick,49
2013,Energy and Mines,6
2013,Environment and Local Government,16
2013,Executive Council Office,45
2013,Finance,5
2013,Finance; New Brunswick Liquor Corporation,4
2013,Government Services,2
2013,Health,27
2013,Healthy and Inclusive Communities,1
2013,Justice,3
2013,Justice and Attorney General,30
2013,Natural Resources,11
2013,Office of the Premier,21
2013,Post-Secondary Education Training and Labour,74
2013,Public Safety,35
2013,Service New Brunswick,6
2013,Social Development,3
2013,"Tourism, Heritage and Culture",3
2014,"Agriculture, Aquaculture and Fisheries",26
2014,Board of Management,7
2014,Economic Development,15
2014,Education and Early Childhood Development,16
2014,Elections New Brunswick,5
2014,Energy Efficiency and Conservation Agency of New Brunswick,5
2014,Energy and Mines,10
2014,Environment and Local Government,17
2014,Executive Council Office,25
2014,Finance,4
2014,Health,18
2014,Healthy and Inclusive Communities,10
2014,Justice,144
2014,Natural Resources,9
2014,New Brunswick Liquor Corporation,2
2014,Office of the Attorney General,3
2014,Post-Secondary Education Training and Labour,26
2014,Public Safety,17
2014,Social Development,15
2014,"Tourism, Heritage and Culture",17
2014,Transportation,2
2015,"Agriculture, Aquaculture and Fisheries",1
2015,Economic Development,12
2015,Elections New Brunswick,15
2015,Energy and Mines,7
2015,Environment and Local Government,6
2015,Executive Council Office,24
2015,Finance,8
2015,Government Services,3
2015,Health,18
2015,Healthy and Inclusive Communities,2
2015,Justice,61
2015,Natural Resources,5
2015,Office of the Attorney General,11
2015,Office of the Premier,5
2015,Opportunities New Brunswick,1
2015,Post-Secondary Education Training and Labour,60
2015,Public Safety,17
2015,Regional Development Corporation,7
2015,Service New Brunswick,16
2015,Social Development,9
2015,"Tourism, Heritage and Culture",1
2016,Education and Early Childhood Development,2
2016,Elections New Brunswick,1
2016,Energy and Resource Development,4
2016,Environment and Local Government,14
2016,Executive Council Office,50
2016,Finance,8
2016,Health,39
2016,Justice,9
2016,Justice and Public Safety,29
2016,Office of the Attorney General,11
2016,Office of the Premier,8
2016,Post-Secondary Education Training and Labour,61
2016,Public Safety,3
2016,Regional Development Corporation,2
2016,Service New Brunswick,2
2016,"Tourism, Heritage and Culture",4
2016,Transportation and Infrastructure,1
2017,Education and Early Childhood Development,15
2017,Energy and Resource Development,2
2017,Energy and Resource Development; Finance,7
2017,Environment and Local Government,23
2017,Executive Council Office,99
2017,Finance,10
2017,Finance; New Brunswick Liquor Corporation,10
2017,Finance; Transportation and Infrastructure,2
2017,Health,26
2017,Justice and Public Safety,94
2017,Office of the Attorney General,1
2017,Office of the Premier,22
2017,Opportunities New Brunswick,10
2017,Post-Secondary Education Training and Labour,52
2017,Social Development,21
2017,"Tourism, Heritage and Culture",32
2018,Aboriginal Affairs Secretariat,4
2018,"Agriculture, Aquaculture and Fisheries",33
2018,Education and Early Childhood Development,1
2018,Elections New Brunswick,4
2018,Energy and Resource Development,13
2018,Environment and Local Government,12
2018,Executive Council Office,79
2018,Finance,11
2018,Health,22
2018,Intergovernmental Affairs,2
2018,Justice and Attorney General,7
2018,Justice and Public Safety,31
2018,Office of the Attorney General,1
2018,Office of the Premier,1
2018,Post-Secondary Education Training and Labour,38
2018,Service New Brunswick,13
2018,Social Development,19
2018,"Tourism, Heritage and Culture",3
2019,"Agriculture, Aquaculture and Fisheries",2
2019,Education and Early Childhood Development,1
2019,Elections New Brunswick,15
2019,Energy and Resource Development,17
2019,Environment and Local Government,16
2019,Executive Council Office,107
2019,Finance,1
2019,Finance and Treasury Board,5
2019,Finance; Treasury Board,8
2019,Health,32
2019,Justice and Attorney General,16
2019,Office of the Premier,12
2019,Post-Secondary Education Training and Labour,46
2019,Public Safety,71
2019,Service New Brunswick,7
2019,Social Development,12
2019,"Tourism, Heritage and Culture",20
2020,Education and Early Childhood Development,13
2020,Elections New Brunswick,1
2020,Environment and Local Government,13
2020,Executive Council Office,84
2020,Finance and Treasury Board,15
2020,Health,17
2020,Justice and Attorney General,7
2020,Justice and Attorney General; Public Safety,6
2020,Justice and Public Safety,21
2020,Natural Resources and Energy Development,9
2020,Office of the Premier,1
2020,Post-Secondary Education Training and Labour,44
2020,Public Safety,25
2020,Regional Development Corporation,1
2020,Service New Brunswick,2
2020,Social Development,13
2020,"Tourism, Heritage and Culture",5
2021,"Agriculture, Aquaculture and Fisheries",26
2021,Education and Early Childhood Development,1
2021,Environment and Local Government,26
2021,Executive Council Office,32
2021,Finance and Treasury Board,17
2021,Health,27
2021,Intergovernmental Affairs,3
2021,Justice and Public Safety,31
2021,Natural Resources and Energy Development,9
2021,Post-Secondary Education Training and Labour,43
2021,Service New Brunswick,14
2021,Social Development,23
2021,"Tourism, Heritage and Culture",12
2021,Transportation and Infrastructure,2
2022,"Agriculture, Aquaculture and Fisheries",9
2022,Education and Early Childhood Development,1
2022,Environment and Local Government,8
2022,Executive Council Office,68
2022,Finance,1
2022,Finance and Treasury Board,10
2022,Health,20
2022,Intergovernmental Affairs,1
2022,Justice and Public Safety,13
2022,Natural Resources and Energy Development,11
2022,Office of the Premier,2
2022,Post-Secondary Education Training and Labour,43
2022,Service New Brunswick,3
2022,Social Development,7
2022,"Tourism, Heritage and Culture",26
2023,"Agriculture, Aquaculture and Fisheries",20
2023,Environment and Local Government,18
2023,Executive Council Office,58
2023,Finance and Treasury Board,15
2023,Health,21
2023,Indigenous Affairs,1
2023,Justice and Public Safety,15
2023,Natural Resources and Energy Development,7
2023,New Brunswick Housing Corporation,8
2023,Office of the Premier,3
2023,Post-Secondary Education Training and Labour,41
2023,Social Development,9
2023,Social Development; Service New Brunswick,2
2023,"Tourism, Heritage and Culture",7
2024,"Agriculture, Aquaculture and Fisheries",11
2024,Education and Early Childhood Development,17
2024,Environment and Local Government,16
2024,Executive Council Office,71
2024,Finance and Treasury Board,5
2024,Health,22
2024,Intergovernmental Affairs,2
2024,Justice and Public Safety,55
2024,Natural Resources and Energy Development,17
2024,Post-Secondary Education Training and Labour,25
2024,Service New Brunswick,5
2024,"Tourism, Heritage and Culture",10
2024,Women's Equality,6
